train_loss,valid_loss
4.630026742815971,4.605409268697103
4.605365142226219,4.605177627563476
4.605200067162514,4.605539576212565
4.605291098356247,4.605375453948975
