train_loss,valid_loss
4.614625483751297,4.605964594523112
4.606016576290131,4.601840758005778
4.599760830402374,4.592592885335287
4.597769618034363,4.605742705027263
4.602618336677551,6.360256411234538
4.8828049302101135,4.605208943684896
4.605407685041428,4.605240506490071
4.605154424905777,4.605191206614176
4.6051879823207855,4.603922276814779
4.606976926326752,4.605157915751139
4.605384975671768,4.605170249938965
4.605180114507675,4.605170249938965
4.605170637369156,4.605170265197754
