train_loss,valid_loss
5.086132451891899,4.605171974182129
4.6413620710372925,4.605148254394531
4.6059084832668304,4.605845101674398
4.609116613864899,4.605258616129557
