train_loss,valid_loss
4.853511109948158,4.604577457427978
4.567346572875977,4.5883230819702145
4.556813523173332,4.5891583518981935
4.551429778337479,4.609451059977213
