train_loss,valid_loss
4.869994759559631,4.551747094472249
4.552676096558571,4.476030034383138
4.5454180389642715,4.639444927215576
4.602530404925346,4.583313944498698
