train_loss,valid_loss
4.786711007356644,4.56672998936971
4.544861555099487,4.5010499738057455
4.5237710773944855,4.475941862742106
4.528498440980911,4.484282023111979
4.550413936376572,4.593657072703044
4.56539648771286,4.579116165161133
4.544201344251633,4.50635936609904
5.104131370782852,4.604228783925374
4.601947605609894,4.597598217010498
4.589077949523926,4.558615481058757
4.58872377872467,4.6054248606363934
4.605586260557175,4.604984352111816
4.605353534221649,4.605285547892253
