train_loss,valid_loss
4.607889249920845,4.605383722941081
4.605646342039108,4.605235445658366
4.605207562446594,4.605151892344157
4.605245187878609,4.605161410013834
4.605173006653786,4.605170249938965
4.605170726776123,4.605170249938965
4.605170726776123,4.605170249938965
4.605170726776123,4.605170249938965
4.605170726776123,4.605170249938965
4.605170726776123,4.605170249938965
4.605170726776123,4.605170249938965
4.605170726776123,4.605170249938965
4.605170726776123,4.605170249938965
