train_loss,valid_loss
4.636406317353249,4.605112672170003
4.605148762464523,4.605232648213704
4.605010688304901,4.605379099527995
4.605362713336945,4.605151830037435
4.605193912982941,4.60513356145223
4.605293557047844,4.605187548319499
4.6052350252866745,4.605170249938965
4.605063110589981,4.605234985351562
4.605233162641525,4.605188484191895
4.60521773993969,4.605173038482666
4.605164647102356,4.605182114919026
