train_loss,valid_loss
4.610580861568451,4.585602827707927
4.529748111963272,4.460520718892416
4.504236966371536,4.5773715387980145
4.580887049436569,4.575719978332519
