train_loss,valid_loss
4.8541498482227325,4.604733118693034
4.605589836835861,4.605310092926025
4.603924602270126,4.5994916254679366
4.609958499670029,4.605384962717692
4.60544165968895,4.60525384012858
4.605270564556122,4.605271859486898
4.605232328176498,4.605234780629476
4.605341017246246,4.605198640187582
4.605314999818802,4.605148012797038
4.605216592550278,4.605148750305176
4.605191290378571,4.605170249938965
4.6051709949970245,4.605170249938965
4.60517343878746,4.605175626118978
