train_loss,valid_loss
4.61880849301815,4.605208786010742
4.6054036766290665,4.605203941345215
4.6052520126104355,4.605240259806315
4.605192855000496,4.605346641540527
