train_loss,valid_loss
4.972333073616028,4.59858029683431
4.544215381145477,4.474505802154541
4.661988005042076,4.590849990844727
4.6024619191884995,4.591039245605469
