train_loss,valid_loss
4.628408044576645,4.6042340418497725
4.604319125413895,4.593887818654379
4.796949118375778,4.605233474731445
4.605387628078461,4.605275881449382
