train_loss,valid_loss
5.789191752672195,4.605209985097249
4.60586553812027,4.60519974009196
4.607896566390991,4.605234802246094
4.6067584455013275,4.60520473353068
