train_loss,valid_loss
4.614890739321709,4.60543404897054
4.605332240462303,4.605285113016764
4.605324521660805,4.605165499369304
4.605170130729675,4.605180741628011
4.605107694864273,4.605189624786377
4.605254769325256,4.605181818644206
4.605230093002319,4.605177106221517
4.605149179697037,4.60519629796346
4.605162143707275,4.605220574696859
4.605262026190758,4.605181636810303
4.605178862810135,4.605212722778321
4.605226218700409,4.6051749903361
4.60519178211689,4.605170249938965
