train_loss,valid_loss
6.150516122579575,4.605094242095947
4.5890942215919495,4.603724109649658
4.585757941007614,4.605906761169433
4.582488715648651,4.604455307006836
