train_loss,valid_loss
4.706504672765732,4.605506774902344
4.606157541275024,4.605480035146077
4.6054994612932205,4.6051284777323405
4.605252683162689,4.605282156626384
4.605283126235008,4.605223241170248
4.605227112770081,4.605233493804931
4.605153396725655,4.605325724283854
4.605246990919113,4.605194208780924
4.605180695652962,4.605170249938965
4.605170726776123,4.605170249938965
4.605170726776123,4.605170249938965
4.605170726776123,4.605170249938965
4.605170726776123,4.605170249938965
