train_loss,valid_loss
4.600682869553566,4.5953956209818525
4.586874067783356,4.55728108215332
4.602576971054077,4.605366503397624
4.605410680174828,4.605192241668701
