train_loss,valid_loss
4.615286022424698,4.604658845265706
4.6049060225486755,4.599178118387858
4.6068307757377625,4.605269393920898
4.6055653393268585,4.6050405527750655
