train_loss,valid_loss
4.62618625164032,4.603949498494466
4.630936861038208,4.6053084487915035
4.605486869812012,4.605123770395915
4.607962042093277,4.605272248586019
4.605263948440552,4.605116182963053
4.605293393135071,4.605162750244141
4.605275869369507,4.605187126159668
4.605243623256683,4.605164192199707
4.607770174741745,4.605445755004883
4.606327295303345,4.605275388081869
4.605206936597824,4.605148536682129
