train_loss,valid_loss
5.330878913402557,4.605023951212565
4.559664219617844,4.603132712046305
5.052465558052063,4.604816860198975
4.587293833494186,4.603380261739095
