train_loss,valid_loss
4.615702912211418,4.5772915433247885
4.575479954481125,4.546713666280111
4.634941294789314,4.606060666402181
4.6059131026268005,4.605691645304362
