train_loss,valid_loss
4.646073490381241,4.563971375783285
4.538774698972702,4.489748296101888
4.534267157316208,4.5298418553670246
4.518167614936829,4.508088528951009
