train_loss,valid_loss
4.6827841103076935,4.603605052947998
4.604914098978043,4.605482654571533
4.60547748208046,4.605215957641602
4.605278581380844,4.605297668457031
4.605259120464325,4.605281386057536
4.6052815318107605,4.605180432637533
4.605177223682404,4.605170249938965
4.605163067579269,4.6051707127889
4.60517618060112,4.605170249938965
4.605198115110397,4.60517980448405
4.605187714099884,4.605170249938965
