train_loss,valid_loss
4.621202066540718,4.604668896993001
4.605085179209709,4.604039554595947
4.604243725538254,4.595973765055339
4.6031520664691925,4.605643262227376
4.605425611138344,4.605245719909668
4.604507893323898,4.602102416992188
4.601399749517441,4.605177978515625
4.605643138289452,4.605170249938965
4.605292275547981,4.605170249938965
4.605202719569206,4.605170249938965
4.605216056108475,4.605170249938965
4.605257049202919,4.605170249938965
4.605167239904404,4.605170249938965
