train_loss,valid_loss
4.6167488396167755,4.597662237803141
4.591231405735016,4.578221603393555
4.600086361169815,4.603977933247884
4.588678658008575,4.605392522176107
