train_loss,valid_loss
4.6126435697078705,4.604989016215007
4.604169249534607,4.607523892720541
4.605488061904907,4.605278953552246
4.605219125747681,4.605270493825277
4.605268895626068,4.605230007171631
4.605194836854935,4.605201421101888
4.605204075574875,4.605176851908366
4.60516956448555,4.605188831329346
4.605189502239227,4.605170249938965
4.605170726776123,4.605170249938965
4.605170726776123,4.605170249938965
