train_loss,valid_loss
4.607433766126633,4.605195650736491
4.605881989002228,4.605219484965007
4.605258300900459,4.60509404373169
4.605200409889221,4.605138280232747
4.605174630880356,4.605127403259277
4.60518853366375,4.605170249938965
4.605170711874962,4.605170249938965
4.605170726776123,4.605170249938965
4.605170726776123,4.605170249938965
4.605170711874962,4.605170249938965
4.605170726776123,4.605170249938965
4.605170726776123,4.605170249938965
4.605170711874962,4.605170249938965
