train_loss,valid_loss
4.611356973648071,4.605185480753581
4.6057704240083694,4.605120835622151
4.605474099516869,4.60513572438558
4.605222389101982,4.605187152862549
