train_loss,valid_loss
4.613813757896423,4.605161614735922
4.609479635953903,4.605201166788737
4.6040968000888824,4.597022486368815
4.606731176376343,4.604554523468018
4.608952134847641,4.605303329467773
4.60545688867569,4.605229751586914
4.605205208063126,4.605150655110677
4.605197191238403,4.605149653116862
4.605253756046295,4.605192076365153
4.605177015066147,4.605196839650472
4.605159282684326,4.605249126434326
4.60519140958786,4.60521762975057
4.605178534984589,4.605170249938965
