train_loss,valid_loss
4.611058905720711,4.6054779790242515
4.605582043528557,4.605153388977051
4.60531647503376,4.605172112782796
4.605242893099785,4.605176751454671
