train_loss,valid_loss
5.0514107048511505,4.603827182769775
4.604017347097397,4.5908448689778645
4.605268627405167,4.602289868672689
4.604563295841217,4.603037289937337
