train_loss,valid_loss
4.70039689540863,4.605533507029215
4.739782482385635,4.6051004778544105
4.605281502008438,4.605166102091471
4.6052025109529495,4.605170249938965
