train_loss,valid_loss
4.695393428206444,4.605084114074707
4.6062071621418,4.603801745096843
4.605887293815613,4.605168950398763
4.6052941381931305,4.605171785990398
