train_loss,valid_loss
4.646388903260231,4.609671726226806
4.605547368526459,4.605132797241211
4.606874331831932,4.605268868764242
4.60529300570488,4.605170249938965
