train_loss,valid_loss
4.613891676068306,4.604323127746582
4.6056199967861176,4.605176999409993
4.605365231633186,4.605179810841879
4.605211839079857,4.605233345031738
4.605281099677086,4.605207326253256
4.605221629142761,4.605170249938965
4.605182722210884,4.605170249938965
4.605173662304878,4.605170249938965
4.605170726776123,4.605170249938965
4.605170711874962,4.605170249938965
4.605170726776123,4.605170249938965
