train_loss,valid_loss
4.777944460511208,4.586978453318278
4.609015882015228,4.605332176208496
4.605388179421425,4.605152038574219
4.605185687541962,4.605170249938965
4.605170726776123,4.605170249938965
4.605170726776123,4.605170249938965
4.605170711874962,4.605170249938965
4.605170726776123,4.605170249938965
4.605170726776123,4.605170249938965
4.605170711874962,4.605170249938965
4.605170726776123,4.605170249938965
