train_loss,valid_loss
4.7109649777412415,4.529435806274414
4.5271769762039185,4.4442758356730145
4.62678650021553,4.606563115437826
4.600329250097275,4.606499225616455
