train_loss,valid_loss
4.6076363027095795,4.605150012969971
4.605403363704681,4.6051211929321285
4.6052005141973495,4.605164969126384
4.6051851361989975,4.605170249938965
