train_loss,valid_loss
4.906678318977356,4.605137996673584
4.5864144414663315,4.604656500498454
4.694793075323105,4.604846674601237
4.570782497525215,4.604678928375244
