train_loss,valid_loss
4.621729820966721,4.603228665669759
4.713061362504959,4.6062954203287765
4.607384949922562,4.604625704447429
4.604877203702927,4.605332270304362
4.605348229408264,4.6052008018493655
4.605206668376923,4.605172645568848
4.6051667630672455,4.605177523295085
4.605207324028015,4.605170249938965
4.605181813240051,4.605171449025472
4.60517618060112,4.605170249938965
4.60517492890358,4.605170249938965
