train_loss,valid_loss
4.636163890361786,4.599133511861165
4.60617832839489,4.605333793640137
4.6053338050842285,4.605229103088379
4.605209186673164,4.605157698313395
4.605245485901833,4.605181186676026
4.605172351002693,4.605215745290121
4.605258047580719,4.6051744295756025
4.6051846742630005,4.605170249938965
4.60517330467701,4.605170249938965
4.60517093539238,4.605170249938965
4.605170726776123,4.605170249938965
