train_loss,valid_loss
4.706060782074928,4.60459473546346
4.6052268743515015,4.597744707743327
4.61234538257122,4.604924306233724
4.606055572628975,4.605009874979655
