train_loss,valid_loss
5.792147293686867,4.605274786631266
4.626291438937187,4.605166300455729
4.609104499220848,4.605169881184896
4.59539407491684,4.605170249938965
