train_loss,valid_loss
4.952268302440643,4.604887799580892
4.611229166388512,4.604304215749105
4.602948486804962,4.590659823099772
4.6108348816633224,4.607535525004069
4.612123534083366,4.604772290547689
4.605546563863754,4.605191937764486
4.605220273137093,4.605152548472087
4.605195686221123,4.605170249938965
4.605171397328377,4.605170249938965
4.605170711874962,4.605170249938965
4.605170726776123,4.605170249938965
4.605170726776123,4.605170249938965
4.605170711874962,4.605170249938965
