train_loss,valid_loss
4.42762840539217,4.361320921579996
4.2188503430224955,4.460755635579427
4.078334165737033,3.965455443064372
3.9026195583865047,3.91830256207784
3.7418731027282774,3.798551354726156
3.6292925025336444,3.718997277577718
3.511487489566207,3.622205598195394
3.395526311825961,3.3662567825317384
3.2943564439192414,3.4637670714060467
3.244517855346203,3.3340034739176434
