train_loss,valid_loss
4.442638268694282,4.56547856648763
4.106467900797725,4.591854251861572
3.88754628226161,4.38506511815389
3.6572754234075546,4.2595033404032385
3.4634981639683247,3.4338131179809572
3.3278573118150234,3.3241847241719564
3.1825947389006615,3.218934196472168
3.071857040748,3.035302790323893
2.9542279094457626,3.0727736994425454
2.829614734277129,3.1018641929626467
