train_loss,valid_loss
4.697397295385599,4.605170249938965
4.605540297925472,4.605170249938965
4.605177089571953,4.605170249938965
4.605189923197031,4.605170249938965
4.605170987546444,4.605170249938965
