train_loss,valid_loss
4.463953949511051,4.573679222106934
4.172071097418666,4.940200167338054
4.036729294806719,4.116041030883789
3.850550625473261,3.8212402470906577
3.7071154415607452,3.7323122660319012
3.561182463541627,3.6283620478312173
3.4134150240570307,3.508505286534627
3.2729216385632753,3.262817700703939
3.12127516977489,3.3045064996083577
2.9904111567884684,3.097966520945231
