train_loss,valid_loss
4.554963126778603,4.5220445594787595
4.421227965503931,4.464766855875651
4.363674491643906,4.396293989817301
4.3215021304786205,4.357341964721679
4.288564782589674,4.242516398111979
4.25231422111392,4.204585976918539
4.196404337882996,4.136731405893961
4.129531368613243,4.188648212432861
4.079071627929807,4.054271987915039
4.00278184004128,4.005306664784749
