train_loss,valid_loss
4.50215107947588,4.576974138895671
4.3838898949325085,4.601777552286784
4.320862088352442,4.412392547607422
4.265328165143728,4.472014984130859
4.203849924728274,4.291016662597657
4.16728694550693,4.235890445709228
4.120107650756836,4.253914143880208
4.105800552293658,4.176682104110718
4.104992417618632,4.091563621520996
4.087758991867304,4.128178072611491
