train_loss,valid_loss
4.631456102244556,4.605170249938965
4.605210146866739,4.605170249938965
4.605184627696872,4.605170249938965
4.6051802998408675,4.605170249938965
4.605189695023,4.605170249938965
4.605178781785071,4.605170249938965
4.605219536460936,4.605170249938965
4.608617062680423,4.605170249938965
4.6056441757828,4.605170249938965
4.605170249938965,4.605170249938965
