train_loss,valid_loss
4.469014886766672,4.671336514790853
4.189275376498699,4.66319423421224
4.013859523460269,4.476687409718831
3.8312611021101475,3.850328357696533
3.696971870958805,4.307032670338948
3.5881384573876858,3.678921021143595
3.45097741112113,3.4018555119832357
3.2861915677785873,3.3286868108113605
3.161883696913719,3.1533823699951173
3.0324258413165808,2.959757308959961
