id,time,test_loss,epochs,accuracy,depth,dense_neurons,init_filters,use_batchnorm,dropout,batch_size,learning_rate,beta1,beta2,max_epochs
1,1587585889.3911335,2.8581124429702767,55,0.309,2,127,11,True,0.3818499474491294,1024,0.007013542302644289,0.5023589620372887,0.9987638284930376,100
2,1587585929.4733496,4.589003868103028,18,0.02175,2,144,31,False,0.3891209144938467,512,0.009109224534525614,0.48338184707968546,0.9601501368276927,100
