train_loss,valid_loss
4.567350536584854,4.5866040534973145
4.357997015118599,4.5396082433064775
4.22544738650322,4.429255836486816
4.098760090768337,4.395716148376465
