train_loss,valid_loss
4.618010863661766,4.565724925994873
4.556714087724686,4.546434808095296
4.51659968495369,4.4917235399882
4.656353339552879,4.597358385721843
