train_loss,valid_loss
5.4869764149188995,4.605170249938965
4.605180937796831,4.605170249938965
4.6052038706839085,4.605170249938965
4.605170372873545,4.605170249938965
4.605170249938965,4.605170249938965
4.605170249938965,4.605170249938965
4.605170339345932,4.605170249938965
4.605170249938965,4.605170249938965
4.605170249938965,4.605170249938965
4.605170249938965,4.605170249938965
4.605170249938965,4.605170249938965
