train_loss,valid_loss
10.876708507537842,4.605630129496257
4.605590224266052,4.605140698750814
4.605079829692841,4.6051253344217935
4.605167388916016,4.605170249938965
4.605177879333496,4.605170249938965
4.605171501636505,4.605170249938965
4.605170965194702,4.605170249938965
4.605170905590057,4.605170249938965
4.60517081618309,4.605170249938965
4.605171024799347,4.605170249938965
4.605170726776123,4.605170249938965
4.605170726776123,4.605170249938965
4.605170726776123,4.605170249938965
