train_loss,valid_loss
22.58662936091423,4.606084810892741
4.6054350435733795,4.605274614969889
4.604867607355118,4.603923189798991
4.605810314416885,4.605140116373698
4.605369925498962,4.6052215410868325
4.60521537065506,4.6054436950683595
4.6051773726940155,4.605170249938965
4.605173230171204,4.605170249938965
4.6051793694496155,4.605170249938965
4.605170726776123,4.605170249938965
4.605170726776123,4.605170249938965
4.605170726776123,4.605170249938965
4.605170726776123,4.605170249938965
