train_loss,valid_loss
9.93657722324133,4.605170249938965
4.605170726776123,4.605170249938965
4.605170726776123,4.605170249938965
4.605170726776123,4.605170249938965
4.618641972541809,4.605170249938965
4.605170726776123,4.605170249938965
4.605918146669865,4.605170249938965
4.605170726776123,4.605170249938965
4.605170726776123,4.605170249938965
4.605170726776123,4.605170249938965
4.605170726776123,4.605170249938965
