train_loss,valid_loss
5.284605994820595,4.605240893046061
4.605122707784176,4.605294291178385
4.6053174659609795,4.605169364929199
4.605150908231735,4.605182257334391
4.605196297168732,4.605170249938965
4.605170726776123,4.605170249938965
4.605170726776123,4.605170249938965
4.605170726776123,4.605170249938965
4.605170726776123,4.605170249938965
4.605170726776123,4.605170249938965
4.605170726776123,4.605170249938965
4.605170726776123,4.605170249938965
4.605170726776123,4.605170249938965
