train_loss,valid_loss
7.3016533851623535,4.605136796315511
4.605311878025532,4.605170249938965
4.605194754898548,4.605170249938965
4.6051852107048035,4.605170249938965
4.605170726776123,4.605170249938965
4.605170726776123,4.605170249938965
4.605170726776123,4.605170249938965
4.605170726776123,4.605170249938965
4.605170726776123,4.605170249938965
4.605170726776123,4.605170249938965
4.605170726776123,4.605170249938965
