train_loss,valid_loss
6.15800478681922,4.605170249938965
4.605170249938965,4.605170249938965
4.605170249938965,4.605170249938965
4.608109313994646,4.605170249938965
4.605170249938965,4.605170249938965
4.605170249938965,4.605170249938965
4.605170249938965,4.605170249938965
4.605170249938965,4.605170249938965
4.605170249938965,4.605170249938965
4.605170249938965,4.605170249938965
4.605670593678951,4.605170249938965
