train_loss,valid_loss
5.195031449198723,4.605170249938965
4.6052419021725655,4.605170249938965
4.605171009898186,4.605170249938965
4.605172149837017,4.605170249938965
4.6066494062542915,4.605170249938965
4.6075203865766525,4.605170249938965
4.605170726776123,4.605170249938965
4.605170726776123,4.605170249938965
4.605171844363213,4.605170249938965
4.605170726776123,4.605170249938965
4.605170726776123,4.605170249938965
