train_loss,valid_loss
5.892992749810219,4.605170249938965
4.605217263102531,4.605170249938965
4.60517443716526,4.605170249938965
4.605171009898186,4.605170249938965
4.605794250965118,4.605170249938965
4.605175122618675,4.605170249938965
4.605170726776123,4.605170249938965
4.605170726776123,4.605170249938965
4.605170726776123,4.605170249938965
4.605170726776123,4.605170249938965
4.605170726776123,4.605170249938965
