train_loss,valid_loss
4.836448868736625,4.605170249938965
4.605170249938965,4.605170249938965
4.605170249938965,4.605170249938965
4.605170249938965,4.605170249938965
4.605170249938965,4.605170249938965
4.605170249938965,4.605170249938965
4.605170249938965,4.605170249938965
4.605170249938965,4.605170249938965
4.605170249938965,4.605170249938965
4.60786985931918,4.605170249938965
4.605170249938965,4.605170249938965
