train_loss,valid_loss
4.752676473930478,4.605169849395752
4.620620461180806,4.603680046081543
4.605665830895305,4.605206789652507
4.606043530628085,4.605215349833171
4.605170249938965,4.605171989440918
4.605170249938965,4.6051711629231775
4.605170249938965,4.605170834859212
4.606969760730863,12.660924769083659
4.605191275477409,4.605079696655274
4.605170249938965,4.605170249938965
4.605170249938965,4.605170249938965
4.605170249938965,4.605170249938965
