train_loss,valid_loss
4.8945426368154585,4.605170249938965
4.605170249938965,4.605170249938965
4.605170249938965,4.605170249938965
4.626769088674337,4.605170249938965
4.605170249938965,4.605170249938965
4.605170249938965,4.605170249938965
4.605170249938965,4.605170249938965
4.608728093095124,4.605170249938965
4.605170249938965,4.605170249938965
4.605170249938965,4.605170249938965
4.605170249938965,4.605170249938965
