train_loss,valid_loss
8775933.955594461,4.605170249938965
4.605170249938965,4.605170249938965
4.605170249938965,4.605170249938965
4.605170249938965,4.605170249938965
4.605170249938965,4.605170249938965
4.605170249938965,4.605170249938965
4.605170249938965,4.605170249938965
4.605170249938965,4.605170249938965
4.605170249938965,4.605170249938965
4.605170249938965,4.605170249938965
4.605170249938965,4.605170249938965
