train_loss,valid_loss
4.518652603030205,4.57298483022054
4.222505494952202,4.614903795878092
4.041605100035667,4.6530329055786135
3.887115702033043,4.857652913411458
3.724429577589035,5.5532202161153155
3.600931763648987,4.711390958150228
3.475691795349121,5.677141260782878
3.389355704188347,7.265095540364583
3.254024975001812,8.340099118550619
3.1820114105939865,5.227093308766683
3.0881117284297943,4.8824936930338545
