train_loss,valid_loss
4.770454162731767,4.605170249938965
4.605170249938965,4.605170249938965
4.605170249938965,4.605170249938965
4.608979474753141,4.605170249938965
4.605170249938965,4.605170249938965
4.605170249938965,4.605170249938965
4.605170249938965,4.605170249938965
4.605170249938965,4.605170249938965
4.605170249938965,4.605170249938965
4.606103170663118,4.605170249938965
4.605170249938965,4.605170249938965
