train_loss,valid_loss
5.517498262226582,4.605170249938965
4.605170249938965,4.605170249938965
4.605170249938965,4.605170249938965
4.605170249938965,4.605170249938965
4.605170249938965,4.605170249938965
4.605170249938965,4.605170249938965
4.605170249938965,4.605170249938965
4.605170249938965,4.605170249938965
4.605170249938965,4.605170249938965
4.605170249938965,4.605170249938965
4.605170249938965,4.605170249938965
