train_loss,valid_loss
4.973551344126463,4.605170249938965
4.6172418389469385,4.605170249938965
4.605610433965921,4.605170249938965
4.607563376426697,4.605170249938965
4.622500700876117,4.605170249938965
4.607302816584706,4.605170249938965
4.605170249938965,4.605170249938965
4.605693759396672,4.605170249938965
4.605170249938965,4.605170249938965
4.605170249938965,4.605170249938965
4.605170249938965,4.605170249938965
