train_loss,valid_loss
299.8324663117528,4.605170249938965
4.60517031699419,4.605170249938965
4.605170303955674,4.605170249938965
4.605170272290707,4.605170249938965
4.605170272290707,4.605170249938965
4.605170259252191,4.605170249938965
4.605170268565416,4.605170249938965
4.605170249938965,4.605170249938965
4.605170249938965,4.605170249938965
4.605170249938965,4.605170249938965
4.605170249938965,4.605170249938965
