train_loss,valid_loss
34.63611587882042,4.604999409993489
4.60383665561676,4.603736584981283
4.603836894035339,4.601881795247396
4.607988238334656,4.605171993255615
4.605122476816177,4.605255470275879
4.605011969804764,4.604858683268229
4.605068117380142,4.605170249938965
4.605185300111771,4.605170249938965
4.605171054601669,4.605170249938965
4.605170726776123,4.605170249938965
4.605170726776123,4.605170249938965
4.605170726776123,4.605170249938965
4.605170726776123,4.605170249938965
