train_loss,valid_loss
12.374752469360828,4.605170249938965
4.611619561910629,4.605170249938965
4.612071722745895,4.605170249938965
4.605170726776123,4.605170249938965
4.605170726776123,4.605170249938965
4.605170726776123,4.605170249938965
4.605170726776123,4.605170249938965
4.612012319266796,4.605170249938965
4.6116030514240265,4.605170249938965
4.605170726776123,4.605170249938965
4.605170726776123,4.605170249938965
