train_loss,valid_loss
25.928620144724846,4.60515038172404
4.60517455637455,4.605133834838867
4.605587288737297,4.605170249938965
4.605170726776123,4.605170249938965
4.6051906645298,4.605170249938965
4.605170726776123,4.605170249938965
4.605176031589508,4.605170249938965
4.605170726776123,4.605170249938965
4.605170726776123,4.605170249938965
4.605170726776123,4.605170249938965
4.605170726776123,4.605170249938965
4.605170726776123,4.605170249938965
