train_loss,valid_loss
4.776786622125655,4.605170249938965
4.605170249938965,4.605170249938965
4.605170249938965,4.605170249938965
4.608811660669744,4.605170249938965
4.605170249938965,4.605170249938965
4.605170249938965,4.605170249938965
4.605170249938965,4.605170249938965
4.605170249938965,4.605170249938965
4.605170249938965,4.605170249938965
4.605170249938965,4.605170249938965
4.605170249938965,4.605170249938965
