train_loss,valid_loss
208217.0905856751,4.605170249938965
887059.2334102094,4.605170249938965
10415680.411258925,4.605170249938965
20458278.493433334,4.605170249938965
65396576.66031134,4.605170249938965
46364865.250638396,4.605170249938965
4545387.301203411,4.605170249938965
848078989.3713117,4.605170249938965
897118966.5511978,4.605170249938965
52122433288.26348,3158494067.7816033
18391633060.62151,4.605170249938965
