train_loss,valid_loss
6447313362.473787,4.605170249938965
187855480852548.0,4.605170249938965
1.6655073883994355e+17,4.605170249938965
1.2030503475819315e+17,
4.605170249938965,
4.605170249938965,
4.605170249938965,
4.605170249938965,
4.605170249938965,
4.605170249938965,
4.605170249938965,
