train_loss,valid_loss
10.025964319705963,4.605170249938965
4.605185508728027,4.605170249938965
4.605175584554672,4.605170249938965
4.605168789625168,4.605170249938965
4.6051793694496155,4.605170249938965
4.6051724553108215,4.605170249938965
4.605174392461777,4.605170249938965
4.605136424303055,4.605170249938965
4.605183392763138,4.605170249938965
4.605175405740738,4.605170249938965
4.605174899101257,4.605170249938965
