train_loss,valid_loss
13.661172658205032,6.831729482014974
4.607631683349609,4.6052771606445315
4.60522386431694,11400.8366875
4.6064513027668,144073.64008333333
4.605170726776123,720003.7155
4.608811110258102,677929.8173333333
4.605170726776123,684550.708
4.686610400676727,392734.8685
4.646102964878082,27907.695583333334
4.605170726776123,1379.9795532226562
4.605170726776123,12.538701276143392
4.605170726776123,22.100199442545573
