train_loss,valid_loss
16.75998516753316,4.605170249938965
4.605170258320868,4.605170249938965
4.605170267634094,4.605170249938965
4.605170249938965,4.605170249938965
4.605170259252191,4.605170249938965
4.605170264840126,4.605170249938965
4.605170249938965,4.605170249938965
4.605170249938965,4.605170249938965
4.605170249938965,4.605170249938965
4.605170249938965,4.605170249938965
4.605170249938965,4.605170249938965
