train_loss,valid_loss
4.620995447039604,4.5876424128214515
4.433984890580177,4.53293209584554
4.363349109888077,4.6185578473409015
4.267990842461586,4.5928811264038085
