train_loss,valid_loss
4.614317357540131,4.601503273010254
4.416426494717598,4.571114232381185
4.322762057185173,4.5948358917236325
4.222904786467552,4.606182912190755
