train_loss,valid_loss
4.630179241299629,4.586493592580159
4.495531797409058,4.543990956624349
4.386913970112801,4.548103271484375
4.308249890804291,4.54451224009196
