train_loss,valid_loss
4.637720361351967,4.595559977213542
4.484268754720688,4.549014132181803
4.401115611195564,4.5593110287984215
4.338281184434891,4.549626749674479
